user_input,generated_software_details,generated_diagram_code,status
"Design an ETL pipeline for Twitter data analysis using AWS, Spark, MySQL, and AWS Kinesis. Collect data from Twitter, process it with Spark, store in MySQL, and use AWS Kinesis for streaming data.","## Software Design Template for Twitter Data Analysis ETL Pipeline

**1. Overview:**

The proposed software design aims to create an ETL (Extract, Transform, Load) pipeline for analyzing Twitter data. This pipeline will leverage AWS services such as AWS Kinesis for real-time data ingestion, Apache Spark for data processing, and MySQL for data storage. The pipeline will enable the extraction of Twitter data, its transformation using Spark, and subsequent storage in MySQL for analysis and downstream processing.

**2. Components:**

**a. Data Extraction Component:**
   This component will be responsible for fetching data from Twitter using the Twitter API. It will stream the collected data to AWS Kinesis for real-time processing.

**b. Data Processing Component (Apache Spark):**
   Apache Spark will be used to process the streaming Twitter data. It will perform necessary transformations, such as filtering, cleaning, and feature engineering, to prepare the data for storage.

**c. Data Storage Component (MySQL):**
   The processed Twitter data will be loaded into a MySQL database. This will enable efficient storage, retrieval, and further analysis of the data.

**d. Real-Time Streaming (AWS Kinesis):**
   AWS Kinesis will serve as a real-time streaming platform. It will receive data from Twitter and make it available to the Spark processing component for immediate analysis.

**3. Entities:**

* **Libraries and Frameworks:** Apache Spark, MySQL Connector/J
* **Cloud Tools:** AWS Kinesis, AWS S3 (for temporary data storage)
* **Languages:** Java or Python (for data processing and API integration)

**4. Relationships:**

* **Twitter API** -> **AWS Kinesis** -> **Apache Spark** -> **MySQL**
* **AWS Kinesis** will act as a buffer between Twitter and Spark, facilitating real-time data flow.
* **Spark** will process the data and write it to **MySQL**.

**5. Context:**

* The pipeline is designed to handle a high volume of real-time Twitter data.
* The processed data will be used for sentiment analysis, trend identification, and other analytical purposes.
* The use of AWS services ensures scalability, reliability, and cost-effectiveness.

**6. Technology Stack:**

* **Cloud:** AWS (Kinesis, S3)
* **Data Processing:** Apache Spark
* **Data Storage:** MySQL
* **Programming Languages:** Java or Python
* **Additional Libraries:** MySQL Connector/J (for MySQL integration)","
from diagrams import Diagram
from diagrams.aws import Kinesis, AWSLambda
from diagrams.aws.database import MySQL
from diagrams.aws.iot import IoTDevice
from diagrams.aws.storage import S3
from diagrams.onprem.analytics import Spark
from diagrams.onprem.compute import Server
from diagrams.onprem.database import Mysql
from diagrams.onprem.queue import Kafka

with Diagram(""TwitterDataAnalysisETL"", show=False, filename=""static/gpt_generated_diagram""):
    with Cluster(""Data Extraction""):
        TwitterAPI = IoTDevice(""Twitter API"")
        AWSKinesis = Kinesis(""AWS Kinesis"")
        TwitterAPI >> AWSKinesis

    with Cluster(""Data Processing (Apache Spark)""):
        ApacheSpark = Spark(""Apache Spark"")
        AWSKinesis >> ApacheSpark
        ApacheSpark >> MySQL(""MySQL"")

    with Cluster(""Data Storage (MySQL)""):
        MySQL = MySQL(""MySQL"")

    RealTimeStreaming = AWSLambda(""Real-Time Streaming"")
    RealTimeStreaming >> AWSKinesis
",incorrect
user_input,generated_software_details,generated_diagram_code,status
"Design an ETL pipeline for Twitter data analysis using AWS, Spark, MySQL, and AWS Kinesis. Collect data from Twitter, process it with Spark, store in MySQL, and use AWS Kinesis for streaming data.","## Software Design Template for Twitter Data Analysis ETL Pipeline

**1. Overview:**

The software design aims to implement an ETL (Extract, Transform, Load) pipeline to analyze Twitter data using a combination of AWS services, Apache Spark, and MySQL. The pipeline will retrieve data from Twitter, process it using Spark, store it in a MySQL database, and utilize AWS Kinesis for streaming data.

**2. Components:**

- **Twitter API:** Responsible for retrieving data from Twitter's API.
- **Apache Spark:** A distributed computing engine for processing large datasets.
- **MySQL:** A relational database management system for storing processed data.
- **AWS Kinesis:** A streaming data platform for handling streaming data from various sources.
- **Amazon S3:** A cloud storage service for storing intermediate data and logs.
- **AWS Glue:** A data integration service for creating and managing ETL jobs.

**3. Entities:**

- **Libraries:** Twitter4J (Java library for interacting with Twitter API)
- **Packages:** Spark Core, Spark SQL
- **Cloud Tools:** AWS Glue, AWS Kinesis
- **Frameworks:** Apache Spark
- **Databases:** MySQL

**4. Relationships:**

- The Twitter API connects to Twitter's servers to extract data.
- Extracted data is passed to Apache Spark for processing.
- Processed data is stored in MySQL.
- AWS Kinesis receives streaming data from Twitter.
- AWS Glue orchestrates the ETL job and manages data movement.
- Amazon S3 stores intermediate results and logs.

**5. Context:**

- The pipeline will run on AWS cloud infrastructure.
- The target audience for the analysis is marketing teams interested in understanding user sentiment and engagement.
- The system will be designed to handle high volumes of data and provide real-time insights.

**6. Technology Stack:**

- **Cloud Platform:** AWS
- **Data Processing:** Apache Spark
- **Database:** MySQL
- **Streaming Data:** AWS Kinesis
- **Data Integration:** AWS Glue
- **Storage:** Amazon S3
- **Languages:** Java, Scala (for Spark)","
from diagrams import Diagram, Cluster, Edge
from diagrams.onprem.analytics import Spark
from diagrams.onprem.database import MySQL
from diagrams.onprem.queue import Kinesis
from diagrams.aws.storage import S3
from diagrams.aws.database import Glue

with Diagram(""ETL pipeline for Twitter data analysis"", show=False, filename=""static/gpt_generated_diagram""):
    with Cluster(""ETL Pipeline for Twitter Data Analysis""):
        twitter_api = Cluster(""Twitter API"")
        twitter_api >> Spark(""Apache Spark"") >> MySQL(""MySQL"")
        twitter_api >> Kinesis(""AWS Kinesis"") >> S3(""Amazon S3"") >> Glue(""AWS Glue"") >> MySQL(""MySQL"")
",incorrect
"Design an ETL pipeline for Twitter data analysis using AWS, Spark, MySQL, and AWS Kinesis. Collect data from Twitter, process it with Spark, store in MySQL, and use AWS Kinesis for streaming data.","**1. Overview**

The proposed ETL (Extract, Transform, Load) pipeline is designed to ingest, process, and store Twitter data for analytical purposes. It leverages a combination of AWS, Spark, MySQL, and AWS Kinesis to achieve efficient and scalable data management.

**2. Components**

**a) AWS Kinesis:** A fully managed streaming data platform that facilitates the real-time capture and processing of data from various sources, including Twitter.

**b) Spark:** A popular open-source distributed computing framework for processing big data sets in parallel, enabling efficient data transformations and analysis.

**c) MySQL:** A robust and widely used relational database management system (RDBMS) for storing and managing structured data, offering reliability and scalability.

**3. Entities**

- Apache Spark
- MySQL
- AWS Kinesis
- Twitter API
- AWS S3 (for intermediate data storage)

**4. Relationships**

**a) Data Ingestion:** AWS Kinesis continuously ingests data from Twitter via the Twitter API.

**b) Data Processing:** Ingested data is processed in real-time using Spark, where it undergoes transformations, cleansing, and feature engineering.

**c) Data Storage:** Processed data is loaded into MySQL for persistent storage and further analysis.

**5. Context**

The ETL pipeline operates within the AWS cloud environment, leveraging managed services for scalable and cost-effective data management. Data security and privacy are ensured through the implementation of industry-standard encryption and authentication measures.

**6. Technology Stack**

- AWS Cloud Platform
- Apache Spark
- MySQL Database
- AWS Kinesis for streaming data
- Twitter API for data ingestion","
from diagrams import Diagram
from diagrams.aws.analytics import Kinesis
from diagrams.aws.database import MySQL
from diagrams.aws.network import Cloud
from diagrams.onprem.analytics import Spark

with Diagram(""ETL_Pipeline"", show=False, filename=""static/gpt_generated_diagram""):
    with Cluster(""Twitter Ingestion""):
        twitter_api = Node(""Twitter API"")
        aws_kinesis = Kinesis(""AWS Kinesis"")
        twitter_api >> aws_kinesis

    with Cluster(""Data Processing""):
        spark = Spark(""Spark"")
        aws_kinesis >> spark

    with Cluster(""Data Storage""):
        mysql = MySQL(""MySQL"")
        spark >> mysql

    aws_cloud = Cloud(""AWS Cloud Environment"")
    aws_cloud >> [aws_kinesis, spark, mysql]
",incorrect
"Design an ETL pipeline for Twitter data analysis using AWS, Spark, MySQL, and AWS Kinesis. Collect data from Twitter, process it with Spark, store in MySQL, and use AWS Kinesis for streaming data.","**1. Overview:**

The software design encompasses an ETL (Extract, Transform, Load) pipeline for in-depth analysis of Twitter data. It leverages a robust technological stack comprising AWS services (Kinesis for streaming data, EC2 for processing), Spark for data processing, and MySQL for persistent storage.

**2. Components:**

**a. Data Extraction:**
- Twitter API: Acquires raw data from Twitter.
- Tweepy: Python library for Twitter API interaction.

**b. Data Processing:**
- Apache Spark: Framework for large-scale data processing.
- PySpark: Python API for Spark.

**c. Data Storage:**
- MySQL: Relational database management system.
- MySQL Connector/Python: Python library for MySQL database interaction.

**d. Data Streaming:**
- AWS Kinesis: Real-time data streaming platform.
- Boto3: Python library for AWS API interaction.

**3. Entities:**

- Libraries: Tweepy, PySpark, MySQL Connector/Python, Boto3
- Packages: N/A
- Cloud Tools: AWS (Kinesis, EC2)
- Frameworks: Apache Spark
- Databases: MySQL

**4. Relationships:**

- Twitter API → Tweepy → Spark Processing → MySQL Storage
- WebSocket → Kinesis Streaming → Real-Time Analysis

**5. Context:**

- The design is targeted towards large-scale Twitter data analysis.
- Spark is employed for efficient data processing on AWS EC2 instances.
- MySQL serves as the persistent data store for processed data.
- AWS Kinesis enables real-time data streaming for immediate analysis.

**6. Technology Stack:**

- Python
- Apache Spark
- MySQL
- AWS (Kinesis, EC2)","
from diagrams import Diagram, Cluster
from diagrams.aws.analytics import KinesisStreaming
from diagrams.aws.database import MySQL
from diagrams.onprem.analytics import Spark
from diagrams.onprem.compute import Server
from diagrams.onprem.database import MySQL

with Diagram(""software_design"", show=False, filename=""static/gpt_generated_diagram""):
    with Cluster(""ETL Pipeline""):
        twitter_api = Server(""Twitter API"")
        tweepy = Server(""Tweepy"")
        spark_processing = Spark(""Spark Processing"")
        mysql_storage = MySQL(""MySQL Storage"")
        twitter_api >> tweepy >> spark_processing >> mysql_storage

    with Cluster(""Data Streaming""):
        websocket = Server(""WebSocket"")
        kinesis_streaming = KinesisStreaming(""Kinesis Streaming"")
        real_time_analysis = Server(""Real-Time Analysis"")
        websocket >> kinesis_streaming >> real_time_analysis

    with Cluster(""Entities""):
        libraries = Server(""Libraries"")
        packages = Server(""Packages"")
        cloud_tools = Server(""Cloud Tools"")
        frameworks = Server(""Frameworks"")
        databases = Server(""Databases"")

    packages >> libraries
    cloud_tools >> kinesis_streaming
    frameworks >> spark_processing
    databases >> mysql_storage
",incorrect
"Design an ETL pipeline for Twitter data analysis using AWS, Spark, MySQL, and AWS Kinesis. Collect data from Twitter, process it with Spark, store in MySQL, and use AWS Kinesis for streaming data.","**1. Overview:**

The proposed ETL pipeline comprises a comprehensive architecture for collecting, processing, and storing Twitter data for analytical purposes. Leveraging the capabilities of Apache Spark, MySQL, and AWS Kinesis, the system efficiently ingests real-time data from Twitter, transforms it using Spark's distributed computing framework, and persists it in MySQL for subsequent analysis. AWS Kinesis serves as a vital component for streaming data ingestion, ensuring continuous data acquisition.

**2. Components:**

* **Twitter API:** Responsible for streaming real-time data from Twitter.
* **AWS Kinesis:** A managed streaming platform that facilitates continuous data ingestion and distribution.
* **Apache Spark:** A distributed computing framework for processing large-scale data.
* **MySQL:** A relational database management system for storing and managing the processed data.
* **ETL Job:** A data processing pipeline that extracts, transforms, and loads data from Twitter into MySQL.

**3. Entities:**

* **Libraries:** Spark SQL, Spark Streaming
* **Packages:** Twitter4j (for Twitter API integration)
* **Cloud Tools:** AWS Kinesis, Amazon S3 (for intermediate data storage)
* **Frameworks:** Apache Spark

**4. Relationships:**

* Twitter API streams data to AWS Kinesis.
* AWS Kinesis delivers data to the Spark Streaming component.
* Spark Streaming processes the data in real-time and writes it to Amazon S3.
* The ETL job reads data from Amazon S3, transforms it, and loads it into MySQL.

**5. Context:**

* **Data Volume:** The pipeline is designed to handle a high volume of streaming Twitter data.
* **Real-Time Analysis:** The system enables real-time analysis of Twitter data.
* **Data Storage:** MySQL provides a reliable and scalable data storage solution.

**6. Technology Stack:**

* **Data Ingestion:** Twitter API, AWS Kinesis
* **Data Processing:** Apache Spark
* **Data Storage:** MySQL
* **Cloud Platform:** AWS (Amazon Kinesis, Amazon S3)","
from diagrams import Diagram, Cluster, Edge,Node
from diagrams.aws.analytics import Kinesis
from diagrams.aws.database import RDS
from diagrams.aws.integration import SQS
from diagrams.aws.storage import S3
from diagrams.onprem.analytics import Spark
from diagrams.onprem.compute import Server
from diagrams.onprem.database import Mysql
from diagrams.onprem.queue import Kafka

with Diagram(""ETL_Pipeline"", show=False, filename=""static/gpt_generated_diagram""):
    with Cluster(""Overview""):
        overview = Server(""Overview"")

    with Cluster(""Components""):
        components = Server(""Components"")

    with Cluster(""Entities""):
        entities = Server(""Entities"")

    with Cluster(""Relationships""):
        relationships = Server(""Relationships"")

    with Cluster(""Context""):
        context = Server(""Context"")

    with Cluster(""Technology Stack""):
        technology_stack = Server(""Technology Stack"")

    overview - Edge(label=""Links to"") - components
    components - Edge(label=""Links to"") - entities
    entities - Edge(label=""Links to"") - relationships
    relationships - Edge(label=""Links to"") - context
    context - Edge(label=""Links to"") - technology_stack
",correct
"Design an ETL pipeline for Twitter data analysis using AWS, Spark, MySQL, and AWS Kinesis. Collect data from Twitter, process it with Spark, store in MySQL, and use AWS Kinesis for streaming data.","**1. Overview:**

The software design encompasses an ETL (Extract, Transform, Load) pipeline that facilitates Twitter data analysis. This pipeline leverages AWS for infrastructure, Spark for data processing, MySQL for data storage, and AWS Kinesis for streaming data ingestion. The design aims to capture Twitter data, process it efficiently, and store it in a structured format for subsequent analysis.

**2. Components:**

- **Data Source:** Twitter API
- **Data Ingestion:** AWS Kinesis
- **Data Processing:** Apache Spark
- **Data Storage:** MySQL Database

**3. Entities:**

- **Libraries:** Apache Spark Core, Spark Streaming
- **Packages:** MySQL Connector
- **Cloud Tools:** AWS Kinesis, AWS EC2, AWS S3
- **Frameworks:** None specified

**4. Relationships:**

The Twitter API acts as the data source, streaming data into AWS Kinesis. Kinesis then feeds this data into Spark for processing. The processed data is subsequently loaded into the MySQL database for storage.

**5. Context:**

The design is driven by the need to analyze Twitter data for insights and decision-making. The use of Spark for processing ensures scalability and efficiency in handling large volumes of data. MySQL provides a structured storage mechanism for the processed data, enabling further analysis and reporting. AWS Kinesis facilitates continuous data streaming, ensuring real-time data availability.

**6. Technology Stack:**

- **Data Processing:** Apache Spark
- **Cloud Infrastructure:** AWS (EC2, Kinesis, S3)
- **Database:** MySQL
- **Data Ingestion:** AWS Kinesis
- **Additional Tools:** MySQL Connector for Java","
from diagrams import Diagram, Cluster, Edge
from diagrams.aws.analytics import Kinesis
from diagrams.aws.database import MySQL
from diagrams.onprem.analytics import Spark
from diagrams.onprem.database import Mysql

with Diagram(""ETL_Pipeline"", show=False, filename=""static/gpt_generated_diagram""):
    data_source = Cluster(""Data Source"")
    with data_source:
        Twitter_API = Mysql(""Twitter API"")

    data_ingestion = Cluster(""Data Ingestion"")
    with data_ingestion:
        AWS_Kinesis = Kinesis(""AWS Kinesis"")

    data_processing = Cluster(""Data Processing"")
    with data_processing:
        Apache_Spark = Spark(""Apache Spark"")

    data_storage = Cluster(""Data Storage"")
    with data_storage:
        MySQL_Database = MySQL(""MySQL Database"")

    Twitter_API >> AWS_Kinesis >> Apache_Spark >> MySQL_Database
",incorrect
"Design an ETL pipeline for Twitter data analysis using AWS, Spark, MySQL, and AWS Kinesis. Collect data from Twitter, process it with Spark, store in MySQL, and use AWS Kinesis for streaming data.","**1. Overview:**

The software design encompasses an end-to-end ETL pipeline that ingests Twitter data, processes it using Apache Spark, persists it in a MySQL database, and leverages AWS Kinesis for real-time streaming data analysis. The pipeline is designed to extract relevant information from Twitter's vast data stream, enabling valuable insights and analytics.

**2. Components:**

* **Twitter API:** The entry point for collecting raw Twitter data.
* **Apache Spark:** A distributed data processing engine for large-scale data processing and transformations.
* **MySQL Database:** A relational database for storing and managing processed Twitter data.
* **AWS Kinesis:** A managed streaming data platform for real-time data ingestion and processing.

**3. Entities:**

* **Libraries and Packages:**
    * Tweepy (Python library for Twitter API interaction)
    * PySpark (Python API for Apache Spark)
    * MySQL Connector (Python library for MySQL connectivity)
    * Boto3 (Python SDK for AWS)
* **Cloud Tools:**
    * Amazon Elastic Compute Cloud (EC2) for hosting Spark cluster
    * Amazon Relational Database Service (RDS) for managing the MySQL database
    * Amazon Kinesis Data Streams for real-time data streaming
* **Frameworks:**
    * Apache Spark Core for data processing
    * Apache Spark SQL for data querying and manipulation
    * Apache Spark Streaming for real-time data processing

**4. Relationships:**

* **Data Flow:** Raw Twitter data is fetched via the Twitter API and ingested into the Spark cluster. Spark processes the data, extracting relevant information and transforming it. The processed data is then persisted in the MySQL database.
* **Real-time Data Streaming:** AWS Kinesis continuously streams Twitter data into the Spark cluster, enabling real-time analysis and processing.
* **Data Management:** The MySQL database serves as the central repository for processed Twitter data, allowing for efficient data retrieval and analysis.

**5. Context:**

* **Data Volume:** The pipeline is designed to handle a high volume of Twitter data, catering to large-scale data analysis requirements.
* **Performance:** The distributed nature of Apache Spark ensures efficient data processing, handling large datasets with minimal latency.
* **Scalability:** The cloud-based infrastructure allows for easy scalability, accommodating varying data volumes and processing demands.

**6. Technology Stack:**

* **Programming Languages:** Python
* **Data Processing Engine:** Apache Spark
* **Database:** MySQL
* **Streaming Platform:** AWS Kinesis
* **Cloud Platform:** Amazon Web Services (AWS)","
import diagrams
from diagrams import Cluster, Diagram, Edge, Node
from diagrams.onprem.analytics import Spark
from diagrams.onprem.compute import Server
from diagrams.onprem.database import Mysql
from diagrams.aws.kinesis import Kinesis
from diagrams.aws.database import RDS

with Diagram(""software_design"", show=False, filename=""static/gpt_generated_diagram""):
    data_flow = Cluster(""Data Flow"")
    real_time_data_streaming = Cluster(""Real-Time Data Streaming"")
    data_management = Cluster(""Data Management"")
    components = Cluster(""Components"")
    relationships = Cluster(""Relationships"")
    context = Cluster(""Context"")
    technology_stack = Cluster(""Technology Stack"")

    Twitter_API = Node(""Twitter API"")
    Apache_Spark = Node(""Apache Spark"")
    MySQL_Database = Node(""MySQL Database"")
    AWS_Kinesis = Node(""AWS Kinesis"")
    Libraries_and_Packages = Node(""Libraries and Packages"")
    Cloud_Tools = Node(""Cloud Tools"")
    Frameworks = Node(""Frameworks"")
    Data_Flow = Node(""Data Flow"")
    Real_Time_Data_Streaming = Node(""Real-Time Data Streaming"")
    Data_Management = Node(""Data Management"")
    Data_Volume = Node(""Data Volume"")
    Performance = Node(""Performance"")
    Scalability = Node(""Scalability"")
    Programming_Languages = Node(""Programming Languages"")
    Data_Processing_Engine = Node(""Data Processing Engine"")
    Database = Node(""Database"")
    Streaming_Platform = Node(""Streaming Platform"")
    Cloud_Platform = Node(""Cloud Platform"")

    data_flow.add_nodes(
        Twitter_API,
        Apache_Spark,
        MySQL_Database,
        edge_labels={
            (Twitter_API, Apache_Spark): ""Raw Data Ingest"",
            (Apache_Spark, MySQL_Database): ""Processed Data Persistence"",
        },
    )

    real_time_data_streaming.add_nodes(
        AWS_Kinesis,
        Apache_Spark,
        edge_labels={(AWS_Kinesis, Apache_Spark): ""Streaming Data""},
    )

    data_management.add_nodes(MySQL_Database, edge_labels={(MySQL_Database, MySQL_Database): ""Data Retrieval""})

    components.add_nodes(
        Libraries_and_Packages,
        Cloud_Tools,
        Frameworks,
        edge_labels={
            (Libraries_and_Packages, Apache_Spark): """",
            (Libraries_and_Packages, MySQL_Database): """",
            (Libraries_and_Packages, AWS_Kinesis): """",
            (Cloud_Tools, Apache_Spark): """",
            (Cloud_Tools, MySQL_Database): """",
            (Cloud_Tools, AWS_Kinesis): """",
            (Frameworks, Apache_Spark): """",
            (Frameworks, MySQL_Database): """",
            (Frameworks, AWS_Kinesis): """",
        },
    )

    relationships.add_nodes(
        Data_Flow,
        Real_Time_Data_Streaming,
        Data_Management,
        edge_labels={
            (Twitter_API, Data_Flow): """",
            (Apache_Spark, Data_Flow): """",
            (MySQL_Database, Data_Flow): """",
            (AWS_Kinesis, Real_Time_Data_Streaming): """",
            (Apache_Spark, Real_Time_Data_Streaming): """",
            (MySQL_Database, Data_Management): """",
        },
    )

    context.add_nodes(
        Data_Volume,
        Performance,
        Scalability,
        edge_labels={
            (Data_Volume, Apache_Spark): """",
            (Data_Volume, AWS_Kinesis): """",
            (Performance, Apache_Spark): """",
            (Scalability, Apache_Spark): """",
            (Scalability, AWS_Kinesis): """",
        },
    )

    technology_stack.add_nodes(
        Programming_Languages,
        Data_Processing_Engine,
        Database,
        Streaming_Platform,
        Cloud_Platform,
        edge_labels={
            (Programming_Languages, Apache_Spark): """",
            (Data_Processing_Engine, Apache_Spark): """",
            (Database, MySQL_Database): """",
            (Streaming_Platform, AWS_Kinesis): """",
            (Cloud_Platform, Apache_Spark): """",
            (Cloud_Platform, MySQL_Database): """",
            (Cloud_Platform, AWS_Kinesis): """",
        },
    )
",incorrect
"Design an ETL pipeline for Twitter data analysis using AWS, Spark, MySQL, and AWS Kinesis. Collect data from Twitter, process it with Spark, store in MySQL, and use AWS Kinesis for streaming data.","**Software Design Template**

**1. Overview**

The software design aims to establish an efficient ETL (Extract, Transform, Load) pipeline for in-depth analysis of Twitter data. This pipeline leverages the capabilities of AWS, Apache Spark, MySQL, and AWS Kinesis. The system will capture raw data from Twitter, process it using Spark, store the transformed data in MySQL for historical analysis, and employ AWS Kinesis for real-time data streaming.

**2. Components**

**a. Data Source:** Twitter API
* Responsible for fetching raw data from the Twitter platform.

**b. Data Processing:** Apache Spark
* Performs data transformation and cleansing operations on the raw data.

**c. Data Storage:** MySQL
* Stores the processed data, enabling historical analysis and data retrieval.

**d. Streaming Service:** AWS Kinesis
* Facilitates real-time data ingestion and processing for streaming analytics.

**e. Orchestration Service:** AWS CloudFormation or AWS Glue
* Automates the deployment and management of the ETL pipeline infrastructure on AWS.

**3. Entities**

* **Libraries:** Spark Core, Spark SQL, Spark Streaming, MySQL Connector/J
* **Packages:** AWS SDK for Java, Jackson
* **Cloud Tools:** AWS Kinesis, AWS CloudFormation
* **Frameworks:** Spring Boot

**4. Relationships**

Data flows from Twitter API to Spark for processing. Processed data is stored in MySQL for historical analysis and bulk operations. AWS Kinesis handles real-time data streaming, allowing for immediate data processing.

**5. Context**

* The ETL pipeline is designed to handle large volumes of Twitter data.
* Data transformation involves filtering, cleansing, and aggregating raw data.
* MySQL provides efficient data querying and reporting capabilities.
* AWS Kinesis enables real-time analytics and monitoring.

**6. Technology Stack**

* **Cloud Platform:** AWS
* **Data Processing:** Apache Spark
* **Data Storage:** MySQL
* **Streaming Service:** AWS Kinesis
* **Orchestration Service:** AWS CloudFormation
* **Language:** Java
* **Framework:** Spring Boot","
from diagrams import Diagram, Cluster, Edge
from diagrams.onprem.analytics import Spark
from diagrams.onprem.compute import Server
from diagrams.onprem.database import Cassandra, HBase
from diagrams.onprem.network import Kafka
from diagrams.onprem.visualization import Grafana, Kibana
from diagrams.programming.language import Python, Scala

with Diagram(""Software Design Template"", show=False, filename=""static/gpt_generated_diagram""):
    with Cluster(""Data Sources""):
        source1 = Server(""Sensor 1"")
        source2 = Server(""Sensor 2"")
        source3 = Server(""Database"")
        source4 = Server(""API"")

    with Cluster(""Data Ingestion Layer""):
        kafka = Kafka(""Apache Kafka"")
        apis = Server(""RESTful APIs"")

    with Cluster(""Data Processing Engine""):
        spark = Spark(""Apache Spark"")
        ml = Server(""Custom ML Algorithms"")

    with Cluster(""Data Storage Layer""):
        cassandra = Cassandra(""Apache Cassandra"")
        hbase = HBase(""Apache HBase"")

    with Cluster(""Data Visualization and Reporting""):
        grafana = Grafana(""Grafana"")
        kibana = Kibana(""Kibana"")

    source1 - Edge(label=""Streams data to"") - kafka
    source2 - Edge(label=""Streams data to"") - kafka
    source3 - Edge(label=""Streams data to"") - kafka
    source4 - Edge(label=""Streams data to"") - kafka

    kafka - Edge(label=""Routes data to"") - apis
    apis - Edge(label=""Transforms and validates data"") - spark
    spark - Edge(label=""Performs data processing and analytics"") - ml
    ml - Edge(label=""Enriches data and generates insights"") - hbase
    hbase - Edge(label=""Stores processed data"") - cassandra
    cassandra - Edge(label=""Provides historical analysis"") - grafana
    hbase - Edge(label=""Provides real-time data"") - kibana
",incorrect
"Design an ETL pipeline for Twitter data analysis using AWS, Spark, MySQL, and AWS Kinesis. Collect data from Twitter, process it with Spark, store in MySQL, and use AWS Kinesis for streaming data.","**1. Overview:**

The proposed ETL pipeline is a robust system designed to facilitate the analysis of Twitter data. It leverages the capabilities of AWS, Apache Spark, MySQL, and AWS Kinesis to achieve end-to-end data processing and storage. The pipeline efficiently collects raw data from Twitter, transforms it into a structured format using Spark, and stores it in MySQL for persistent storage. Additionally, AWS Kinesis is employed for real-time data streaming, enabling immediate analysis and insights.

**2. Components:**

- Twitter API: Provides access to Twitter's streaming data.
- Apache Spark: A distributed computing framework for data processing and analysis.
- MySQL: A relational database management system for data storage.
- AWS Kinesis: A streaming data platform for real-time data ingestion and processing.
- AWS Lambda: A serverless computing service for executing code in response to events.
- AWS S3: A cloud storage service for storing large datasets.

**3. Entities:**

- Programming Languages: Java, Python
- Libraries: pyspark, tweepy, mysql-connector-python, boto3
- Cloud Tools: AWS Kinesis, AWS Lambda, AWS S3
- Frameworks: Spark Streaming

**4. Relationships:**

- Twitter API streams raw data to AWS Kinesis.
- AWS Lambda triggers Spark Streaming jobs to process data in real-time.
- Processed data is stored in MySQL for historical analysis.
- AWS S3 serves as a temporary storage for intermediate data.

**5. Context:**

- The pipeline is designed for analyzing large volumes of Twitter data.
- Data analysis involves sentiment analysis, topic modeling, and trend identification.
- The system is intended to support real-time and historical analysis.

**6. Technology Stack:**

- Cloud Platform: Amazon Web Services (AWS)
- Data Processing: Apache Spark
- Data Storage: MySQL
- Streaming Platform: AWS Kinesis
- Serverless Computing: AWS Lambda
- Cloud Storage: AWS S3","
from diagrams import Diagram, Cluster
from diagrams.aws.analytics import Kinesis
from diagrams.aws.database import MySQL
from diagrams.aws.integration import Lambda
from diagrams.aws.storage import S3
from diagrams.onprem.analytics import Spark
from diagrams.onprem.compute import Server
from diagrams.onprem.database import Mysql
from diagrams.onprem.queue import Kafka
from diagrams.programming.framework import ApacheSpark

with Diagram(""ETL_Pipeline"", show=False, filename=""static/gpt_generated_diagram""):
    with Cluster(""Cloud Components"", graph_attr={""label"": ""Cloud Components""}):
        twitter_api = Server(""Twitter API"")
        aws_s3 = S3(""AWS S3"")
        aws_kinesis = Kinesis(""AWS Kinesis"")
        aws_lambda = Lambda(""AWS Lambda"")

    with Cluster(""Data Components"", graph_attr={""label"": ""Data Components""}):
        mysql = MySQL(""MySQL"")

    with Cluster(""Processing Components"", graph_attr={""label"": ""Processing Components""}):
        apache_spark = ApacheSpark(""Apache Spark"")

    with Cluster(""External Entities"", graph_attr={""label"": ""External Entities""}):
        programming_languages = Server(""Programming Languages"")
        libraries = Server(""Libraries"")
        frameworks = Server(""Frameworks"")

    with Cluster(""Data Flow"", graph_attr={""label"": ""Data Flow""}):
        twitter_api >> aws_kinesis
        aws_kinesis >> aws_lambda
        aws_lambda >> apache_spark
        apache_spark >> mysql
        apache_spark >> aws_s3

    with Cluster(""Relationships"", graph_attr={""label"": ""Relationships""}):
        aws_lambda >> apache_spark
        mysql >> apache_spark
        aws_s3 >> apache_spark

    with Cluster(""Context"", graph_attr={""label"": ""Context""}):
        large_volume_data = Server(""Large Volume Data"")
        data_analysis = Server(""Data Analysis"")
        real_time_analysis = Server(""Real Time Analysis"")

    technology_stack = Server(""Technology Stack"")

    external_entities >> apache_spark
    data_components >> apache_spark
    apache_spark >> mysql
    apache_spark >> aws_s3
    cloud_components >> apache_spark
    technology_stack >> cloud_components
    context >> apache_spark
",incorrect
"Design an ETL pipeline for Twitter data analysis using AWS, Spark, MySQL, and AWS Kinesis. Collect data from Twitter, process it with Spark, store in MySQL, and use AWS Kinesis for streaming data.","**1. Overview:**

The software design aims to establish an ETL (Extract, Transform, Load) pipeline for analyzing Twitter data. The pipeline leverages a combination of AWS services, namely Kinesis, Spark, and MySQL, to stream, process, and store the data. Twitter data is collected in real-time using Kinesis, processed using Spark, and ultimately stored in MySQL for further analysis.

**2. Components:**

* **AWS Kinesis:** A managed streaming service that ingests and processes real-time data.
* **Spark:** A distributed computing framework for processing large datasets.
* **MySQL:** A relational database management system for storing and managing data.

**3. Entities:**

* Libraries: Spark SQL, PySpark
* Packages: boto3 (AWS Python SDK)
* Cloud Tools: AWS CloudFormation, AWS Management Console
* Frameworks: Spark Streaming

**4. Relationships:**

* **Data Flow:** Twitter data is streamed into Kinesis, processed by Spark, and loaded into MySQL.
* **Communication:** Spark Streaming connects to Kinesis using the Kinesis Receiver API.
* **Data Storage:** MySQL serves as the persistent storage for processed data.

**5. Context:**

* **Data Analysis:** Twitter data analysis is the primary goal, and the ETL pipeline provides the necessary infrastructure for data preparation.
* **Real-time Processing:** Kinesis enables real-time data ingestion, allowing for immediate analysis and response.
* **Scalability:** Spark's distributed computing capabilities ensure scalability for processing large datasets.

**6. Technology Stack:**

* **Streaming:** AWS Kinesis
* **Data Processing:** Apache Spark (Spark SQL, PySpark)
* **Data Storage:** MySQL
* **Cloud Platform:** AWS (CloudFormation, Management Console)","
from diagrams import Diagram, Cluster, Edge, Node
from diagrams.aws.analytics import Kinesis
from diagrams.aws.database import MySQL
from diagrams.aws.integration import SQS
from diagrams.aws.storage import S3
from diagrams.onprem.analytics import Spark
from diagrams.onprem.compute import Server
from diagrams.onprem.database import Mysql
from diagrams.onprem.queue import Kafka

with Diagram(""Software Design"", show=False, filename=""static/gpt_generated_diagram""):
    with Cluster(""Input""):
        twitter_data = Node(""Twitter Data"")

    with Cluster(""Pipeline""):
        aws_kinesis = Node(""AWS Kinesis"")
        spark = Node(""Spark"")
        mysql = Node(""MySQL"")

    with Cluster(""Data Flow""):
        twitter_data >> aws_kinesis
        aws_kinesis >> spark
        spark >> mysql

    with Cluster(""Communication""):
        spark_streaming = Node(""Spark Streaming"")
        spark_streaming - Edge(label=""Kinesis Receiver API"") - aws_kinesis

    with Cluster(""Storage""):
        mysql - Edge(color=""green"") - aws_kinesis

    with Cluster(""Context""):
        data_analysis = Node(""Data Analysis"")
        data_analysis - Edge(color=""darkmagenta"") - spark

        real_time_processing = Node(""Real-time Processing"")
        real_time_processing - Edge(label=""Kinesis"", color=""darkmagenta"") - aws_kinesis

        scalability = Node(""Scalability"")
        scalability - Edge(label=""Spark"", color=""darkmagenta"") - spark

    with Cluster(""Tech Stack""):
        kinesis = Node(""Kinesis"")
        spark = Node(""Spark"")
        mysql = Node(""MySQL"")
        aws = Node(""AWS"")

    with Cluster(""Tech Mapping""):
        aws_kinesis - Edge(color=""black"") - kinesis
        spark - Edge(color=""black"") - spark
        mysql - Edge(color=""black"") - mysql
        aws_kinesis - Edge(color=""black"") - aws
",incorrect
"Design an ETL pipeline for Twitter data analysis using AWS, Spark, MySQL, and AWS Kinesis. Collect data from Twitter, process it with Spark, store in MySQL, and use AWS Kinesis for streaming data.","**1. Overview**

The ETL pipeline is designed to collect data from Twitter, process it using Spark, store it in MySQL, and stream it using AWS Kinesis. The pipeline consists of several components that work together to achieve this goal.

**2. Components**

* **Twitter API:** Used to collect data from Twitter.
* **Spark:** Used to process the collected data.
* **MySQL:** Used to store the processed data.
* **AWS Kinesis:** Used to stream the processed data.
* **ETL Job:** The main component that orchestrates the data flow.

**3. Entities**

* **Libraries:**
    * Spark libraries for data processing.
    * MySQL connector for data storage.
    * AWS Kinesis libraries for data streaming.
* **Packages:**
    * Python or Java packages for data manipulation and transformation.
* **Cloud Tools:**
    * AWS Kinesis for stream processing.
    * AWS S3 for data storage.
* **Frameworks:**
    * Apache Spark for data processing.
    * Flask or Django for web application development.

**4. Relationships**

* The ETL Job component interacts with the Twitter API to collect data.
* The collected data is processed using Spark and stored in MySQL.
* The processed data is streamed to AWS Kinesis for real-time analysis.
* The web application is connected to AWS Kinesis to access the streamed data.

**5. Context**

The ETL pipeline is designed for use in a Twitter data analysis project. The processed data will be used to perform various types of analysis, such as sentiment analysis, trend identification, and user behavior analysis.

**6. Technology Stack**

The pipeline will be implemented using the following technologies:

* Python or Java for ETL development.
* Spark for data processing.
* MySQL for data storage.
* AWS Kinesis for data streaming.
* AWS S3 for data storage (optional).","
from diagrams import Diagram, Cluster, Edge
from diagrams.aws.analytics import Kinesis
from diagrams.aws.database import MySQL
from diagrams.aws.integration import SQS
from diagrams.aws.storage import S3
from diagrams.onprem.analytics import Spark
from diagrams.onprem.compute import Server
from diagrams.onprem.database import Mysql
from diagrams.onprem.queue import Kafka

with Diagram(""ETL_Pipeline"", show=False, filename=""static/gpt_generated_diagram""):
    with Cluster(""ETL Pipeline for Twitter Data Analysis""):
        overview = Server(""Overview"")
        data_extraction = SQS(""Data Extraction: \n Twitter API"")
        data_transformation = Spark(""Data Transformation: \n Spark"")
        data_loading = MySQL(""Data Loading: \n MySQL"")
        data_streaming = Kinesis(""Data Streaming: \n AWS Kinesis"")

        overview >> Edge(label=""extracts data from"") >> data_extraction
        data_extraction >> Edge(label=""transforms data using"") >> data_transformation
        data_transformation >> Edge(label=""loads data into"") >> data_loading
        data_loading >> Edge(label=""streams data to"") >> data_streaming

    aws = S3(""AWS"")
    spark = Spark(""Spark"")
    mysql = Mysql(""MySQL"")
    kinesis = Kinesis(""AWS Kinesis"")

    data_extraction >> Edge(label=""connects to"") >> aws
    data_transformation >> Edge(label=""runs on"") >> spark
    data_loading >> Edge(label=""stores data in"") >> mysql
    data_streaming >> Edge(label=""streams data to"") >> kinesis
",incorrect
"Design an ETL pipeline for Twitter data analysis using AWS, Spark, MySQL, and AWS Kinesis. Collect data from Twitter, process it with Spark, store in MySQL, and use AWS Kinesis for streaming data.","**Software Design Template**

**1. Overview**

The objective of this software design is to establish an ETL (Extract, Transform, Load) pipeline for Twitter data analysis, leveraging AWS, Spark, MySQL, and AWS Kinesis. The data will be ingested from Twitter, processed using Spark, stored in MySQL, and subsequently streamed using AWS Kinesis.

**2. Components**

**Data Collector:** Responsible for extracting raw data from Twitter.

**Data Transformer:** Utilizes Spark for data preprocessing, cleansing, and feature engineering.

**Data Loader:** Facilitates the loading of transformed data into MySQL for storage.

**Streaming Service:** Employs AWS Kinesis to stream data for real-time analysis.

**3. Entities**

- **Libraries:** PySpark for data processing
- **Packages:** tweepy for Twitter API interaction
- **Cloud Tools:** AWS S3 for data storage, AWS Kinesis for streaming
- **Frameworks:** Apache Spark for data transformation

**4. Relationships**

- The Data Collector pulls data from Twitter and stores it in AWS S3.
- The Data Transformer processes the data in S3 using Spark, generating transformed data.
- The Data Loader imports the transformed data into MySQL.
- AWS Kinesis streams the data from S3 for real-time analysis.

**5. Context**

The design envisions a scalable and efficient data pipeline for Twitter data analysis, encompassing data ingestion, processing, storage, and streaming. This pipeline enables data-driven insights and real-time decision-making.

**6. Technology Stack**

- **Data Ingestion:** tweepy, AWS S3
- **Data Processing:** PySpark, Apache Spark
- **Data Storage:** MySQL
- **Data Streaming:** AWS Kinesis","
from diagrams import Diagram, Cluster, Edge, Node
from diagrams.aws.analytics import Kinesis
from diagrams.aws.database import RDS
from diagrams.aws.integration import SQS
from diagrams.aws.storage import S3
from diagrams.onprem.analytics import Spark
from diagrams.onprem.compute import Server
from diagrams.onprem.database import Mysql
from diagrams.onprem.queue import Kafka

with Diagram(""Twitter Data Analysis ETL Pipeline"", show=False, filename=""static/gpt_generated_diagram""):
    with Cluster(""Components""):
        datacollector = Node(""Data Collector"")
        datatransformer = Node(""Data Transformer"")
        dataloader = Node(""Data Loader"")
        streamingservice = Node(""Streaming Service"")

    with Cluster(""Entities""):
        pyspark = Node(""PySpark"")
        tweepy = Node(""tweepy"")
        awss3 = Node(""AWS S3"")
        awskinesis = Node(""AWS Kinesis"")
        apachespark = Node(""Apache Spark"")

    with Cluster(""Relationships""):
        datacollector_to_awss3 = Node(""Data Extraction"")
        datatransformer_to_pyspark = Node(""Data Processing"")
        dataloader_to_mysql = Node(""Data Loading"")
        streamingservice_to_awskinesis = Node(""Data Streaming"")

    with Cluster(""Context and Technology Stack""):
        context = Node(""Scalable and efficient data pipeline for Twitter data analysis"")
        techstack = Node(""tweepy, AWS S3, PySpark, Apache Spark, MySQL, AWS Kinesis"")

    datacollector -> awss3
    datatransformer -> pyspark
    dataloader -> mysql
    streamingservice -> awskinesis
    context -> datacollector
    context -> datatransformer
    context -> dataloader
    context -> streamingservice
    techstack -> datacollector
    techstack -> datatransformer
    techstack -> dataloader
    techstack -> streamingservice
",incorrect
"Design a Machine learning platform to train and test a dataset using pandas, supervised learning , python","**1. Overview:**

The software platform is designed to facilitate the training and testing of machine learning models using Pandas, a popular data manipulation library in Python, and supervised learning algorithms. The platform leverages Python's rich ecosystem of machine learning libraries and provides a structured environment for data preparation, model training, evaluation, and deployment.

**2. Components:**

* **Data Preprocessing Module:** Responsible for data cleaning, transformation, and feature engineering using Pandas.
* **Model Training Module:** Implements supervised learning algorithms like Linear Regression, Support Vector Machines, and Decision Trees.
* **Model Evaluation Module:** Provides metrics for model assessment, including accuracy, precision, recall, and F1 score.
* **User Interface (UI):** A command-line or GUI-based interface for user interaction and parameter configuration.
* **Data Storage and Management:** Utilizes cloud-based storage services or local file systems to store data and trained models.

**3. Entities:**

* **Pandas:** Data manipulation and analysis library.
* **Scikit-Learn:** Machine learning library for model training and evaluation.
* **TensorFlow/Keras:** Deep learning frameworks for complex machine learning tasks.
* **Cloud Platform (Optional):** AWS, Azure, or GCP for data storage, compute resources, and deployment.
* **Python:** Programming language for data analysis and model development.

**4. Relationships:**

* The Data Preprocessing Module cleans and transforms data before passing it to the Model Training Module.
* The Model Training Module interacts with the Data Storage and Management component for data retrieval and model storage.
* The Model Evaluation Module analyzes the performance of trained models.
* The UI provides an interface for user interaction, parameter configuration, and result visualization.

**5. Context:**

The platform is designed for users with experience in Python programming, machine learning concepts, and data analysis. It aims to streamline the machine learning workflow by providing cohesive components and automating repetitive tasks.

**6. Technology Stack:**

* **Python:** Programming language for data analysis, model development, and platform integration.
* **Pandas:** Data manipulation and analysis.
* **Scikit-Learn:** Supervised and unsupervised learning algorithms.
* **TensorFlow/Keras (Optional):** Deep learning frameworks for complex models.
* **Cloud Platform (Optional):** Data storage, compute resources, and deployment.
* **Command-line Interface/GUI:** User interaction and parameter configuration.","
from diagrams import Diagram, Cluster, Edge, Node
from diagrams.onprem.analytics import Pandas
from diagrams.onprem.compute import Scikit_Learn
from diagrams.onprem.database import TensorFlow_Keras
from diagrams.onprem.network import Cloud_Platform
from diagrams.onprem.storage import Python

with Diagram(""Software_Design"", show=False, filename=""static/gpt_generated_diagram""):
    with Cluster(""platform"", label=""Machine Learning Platform""):
        Data_Preprocessing_Module = Node(""Data Preprocessing Module"")
        Model_Training_Module = Node(""Model Training Module"")
        Model_Evaluation_Module = Node(""Model Evaluation Module"")
        UI = Node(""User Interface"")
        Data_Storage_and_Management = Node(""Data Storage and Management"")

    with Cluster(""entities"", label=""Entities""):
        Pandas = Node(""Pandas"")
        Scikit_Learn = Node(""Scikit-Learn"")
        TensorFlow_Keras = Node(""TensorFlow/Keras"")
        Cloud_Platform = Node(""Cloud Platform"")
        Python = Node(""Python"")

    with Cluster(""relationships"", label=""Relationships""):
        Data_Preprocessing_Module >> Model_Training_Module >> Model_Evaluation_Module >> Data_Storage_and_Management
        UI >> Data_Preprocessing_Module >> Model_Training_Module >> Model_Evaluation_Module

    with Cluster(""context"", label=""Context""):
        Python_Programming_Experience = Node(""Python Programming Experience"")
        Machine_Learning_Concepts = Node(""Machine Learning Concepts"")
        Data_Analysis = Node(""Data Analysis"")
",incorrect
